,Product Discription,Prices
0,Smart Watch Series 9 Pro - GPS + NFC (Men and Women iWatch 9),$59.80
1,Smart Watch Ultra - Newest Gen 2 iWatch GPS + NFC Android and iOS Compatible,$59.80
2,2023 Smart Watch for Women Men Waterproof Bluetooth Android Smartwatch 116plus,$14.98
3,Samsung Galaxy Watch 5 40mm GPS + WiFi + Bluetooth R900 Smart Watch - Very Good,$112.99
4,Bluetooth Call Smart Watch Waterproof Heart Rate Fitness Tracker for Android IOS,$21.99
5,Large Screen Bluetooth Smart Watch Phone Music Player Fitness Heart Rate Tracker,$51.29 to $52.39
6,2023 Smart Watch For Men/Women Waterproof Smartwatch Bluetooth iPhone Samsung ,$32.20 to $34.80
7,Apple Watch Series SE (2nd Gen) GPS +Cellular 40mm Smart Watch - Excellent,$159.99
8,Smart Watch Android 1.44'' Colour Screen Bluetooth Call Women/Men Unisex New,$16.64 to $19.97
9,Smart Watch Men | Women Bluetooth Smart Watch Heart Rate Blood Pressure Monitor,$8.59 to $8.69
10,Apple Watch Series 9 - GPS + GSM Cellular 41mm Smart Watch - Excellent,$299.99
11,Smart Watch Waterprof Bluetooth Call 2023 Men Full Touch Screen Sport Watch UK,$38.41
12,Men Smart Watches for iOS Android Sports Fitness Tracker  Smart Watch MELANDA,$34.56 to $37.13
13,Bluetooth Call Sports Smart Watch Mens Heart Rate Blood Pressure Monitor K22,$42.94
14,Large Screen Bluetooth Smart Watch Phone Music Player Fitness Heart Rate Tracker,$53.26
15,Smart Watch For Men/Women Smartwatch Bluetooth Sport Watch For iPhone Samsung~US,$18.79
16,Men's Business 2023 ECG Smart watch Men Bluetooth Call Waterproof Smart Watch,$25.60
17,Apple Watch Series 9 - GPS + GSM Cellular 45mm Smart Watch - Excellent,$339.99
18,2023 Smart Watch For Men/Women Waterproof Smartwatch Bluetooth iPhone Samsung,$26.88
19,Smart Watch Men Women Fitness Tracker Blood Pressure Heart Rate UK Sport Watches,$10.23
20,2024 Smart Watch Full Touch Screen AMOLED Bluetooth Call for Women -DT85,$44.27 to $46.25
21,Apple Watch Series 8 GPS + GSM Aluminum -  Cellular 41mm Smart Watch Excellent,$239.99
22,Xiaomi NFC Smart Watch Men AMOLED Waterproof,$65.55
23,"1.98"" Smart Watch for Men Women, 100+ Sports Modes Fitness Tracker with Heart Ra",$22.98
24,Apple Watch Series 3 38mm 42mm GPS+ WIFI + LTE UNLOCKED Gold Gray Silver - Good,$94.99
25,Smart Watch Men's Full Touch Screen Sports Fitness NFC Watch Bluetooth Calling,$34.56 to $37.13
26,Smart Watch Men Women Fitness Tracker Blood Pressure Heart Rate Sport Watches UK,$3.83 to $8.00
27,Samsung Galaxy Frontier Smart Watch Fitness Tracker HRM GPS SM-R760 Black*,$64.02
28,Smart Watch For Men/Women Waterproof Smartwatch Bluetooth iPhone Samsung 2.02 In,$28.99
29,"TOZO S5 Smart Watch Answer/Make Call 1.43"" AMOLED 100+ Modes Sport Fitness Watch",$59.99
30,Smart Watch For Men/Women Smartwatch Bluetooth Sport Watch For iPhone Samsung,$20.99
31,Smart Watch iPhone and Android - Bluetooth  Apple Watch Style,$46.25
32,Samsung Galaxy Watch 5 44mm GPS + WiFi + Bluetooth R910 Smart Watch - Very Good,$115.99
33,Fossil Gen 4 Q Venture HR 40mm Gold DW7F1 Stainless Steel Smart Watch & No Band,$27.99
34,Apple watch series 9 41mm 45mm GPS and GPS+Cellular-Excellent all colors,$299.99 to $399.99
35,New - Samsung Galaxy Smartwatch Watch6 Classic 47mm BT GPS Smart Black or Silver,$294.54 to $332.96
36,Apple Watch Ultra GPS & Cellular 49mm Titanium Trail Alpine Loop Ocean Excellent,$469.99
37,Smart Watch Android 1.44'' Colour Screen Bluetooth Call Women Men Unisex,$20.48 to $21.76
38,2023 Smart Watch For Men/Women Waterproof Smartwatch Bluetooth iPhone Samsung,$25.99
39,Sk27 Men's Smart Watch Touch Screen NFC With 3 Wrist Bands For Android iPhone,$40.56
40,Apple Watch SE Series  (2nd Gen) GPS +Cellular 44mm Smart Watch - Excellent,$172.99
41,Smart Watch Women Men Heart Rate For iPhone Android Bluetooth-Pink,$26.43
42,Samsung Galaxy Watch6 Classic SM-R960 (Bluetooth 47mm) Stainless Steel Case New,$309.95
43,Apple Watch Ultra 2 2nd Generation GPS & Cellular 49mm - Titanium - Excellent,$624.99
44,Large Screen 4G Smart Watch Android 9.0 4GB+64GB Heart Rate Monitor Wristwatch,$198.89
45,Apple Watch Series 3 38mm 42mm GPS + WiFi + Cellular Pink Gold Space Gray Silver,$89.99 to $104.99
46,Smart Watch Men/Women Blood Pressure Fitness Tracker Heart Rate Sport Watches UK,$2.04 to $7.67
47,"SMARTWATCH 2.1"" HD Screen, Health Monitor, Music, Sleep Monitor (Black)",$17.99
48,Samsung Galaxy Fit3 SM-R390 Fitness Tracker - 101 Workouts modes - New,$79.95
49,Samsung Watch Gear 2 Neo Smart Watch Black,$4.25
50,Sport Smart Watch Bluetooth Heart Rate Health Fitness Tracker for Android IOS,$1.99 to $10.99
51,Samsung Gear S3 Frontier 46mm R760 Steel Case (Black) SmartWatch,$36.99
52,Samsung Galaxy Watch6 Classic 47mm Smart Watch Studio Version,$298.51
53,Xiaomi Mi Band 8 Smart Bracelet AMOLED Heart Rate Fitness Tracker Watch,$29.99
54,Women Fashion Smart Watch Heart Rate Blood Pressure Sleep Monitor-New,$46.92
55,Google Pixel Watch 41mm GPS + WiFi + Bluetooth Gold Black Silver Watch Excellent,$114.99
56,SAMSUNG Galaxy Watch Active Grey Smart Watch Fitness Tracker HRM GPS SM-R500*,$64.02
57,Apple Watch Series 6 40mm 44mm GPS+ WIFI + LTE UNLOCKED - All Colors - Good,$157.99
58,Seiko Slim Quartz Gold Face Roman Figure Brown Band Made Japan  Men Wrist Watch,$19.99
59,LIGE ECG+PPG Bluetooth Call Smart Watch 2023 Men Full Touch Screen Sport Watch,$36.49
60,"Motorola Moto Watch 100 GPS Smartwatch for Men & Women, 42mm - Phantom Black",$51.75
61,2024 Smart Watch For Men/Women Waterproof Smartwatch Bluetooth (BLACK & ORANGE),$29.98
62,Smart Watch with Earbuds Men Smartwatch 2 In 1 Wireless Headset For Android iOS,$33.47
63,"2.88"" Larger Touch Screen 4G Smart Watch Phone Android 9.0 Smartwatch 4GB+64GB",$198.54
64,For Huawei Xiaomi GT3 Pro Smart Watch Men AMOLED 390*390 HD Screen Heart Rate Bl,$77.43 to $86.88
65,2023 Smart Watch For Men/Women Waterproof-Smartwatch BluetoothSamsung/iPhone,$6.99 to $26.19
66,M7 Smart Watch Waterproof Sport Smart Watch Heart Rate Monitor Fitness Tracker,$8.50
67,Samsung Galaxy Frontier Smart Watch Fitness Tracker HRM GPS SM-R760 Black**,$57.62
68,Bluetooth Luxury Smartwatch Men's Watch Fitness Heart Rate Pulse Clock Blood Pressure,$27.31
69,Waterproof Sport Smart Watch Bracelet Heart Rate Blood Pressure Fitness Tracker,$5.99 to $7.99
70,Bluetooth Smart Watch w/Camera Waterproof Phone Mate For Android Samsung iPhone,$12.79 to $13.89
71,APPLE WATCH ULTRA A2622 49mm GPS+CELLULAR 32GB TITANIUM SMARTWATCH - READ DESC,$179.95
72,Seiko Slim Quartz Roman Numerals New Battery 26 mm Case Japanese Men Wrist Watch,$19.99
73,C20 Pro Max Military Smart watch 55 mm Black Case/ Silicone Watch for Men/Women,$30.99
74,"Amazfit GTR Mini 43MM 1.28"" Bluetooth Smartwatch Black 120+ Modes Heart Rate NEW",$97.32
75,Fitness Smart Watch Activity Tracker Heart Rate Oxygen BP Monitor Waterproof.,$7.53
76,Samsung Galaxy Watch 42mm Fitness Health Tracker HRM SM-R810 Smartwatch R/Gold**,$44.81
77,"DM101 Big Screen Android 4G Smart Watch for Men Women Dual Camera GPS, WiFi",$189.99
78,TELSA UK - Smart Watch Waterproof T4EC Alloy military style mens Sports & fitnes,$35.85 to $37.13
79,Samsung Galaxy Watch 6 40mm (SM-R935U) LTE/Cellular - Graphite,$184.98
80,Smart Watch Men Women Fitness Tracker Sleep Heart Rate Android iOS Waterproof,$14.03
81,Women Fashion Smart Watch Heart Rate Blood Pressure Monitor Phone call-NEW,$46.25 to $52.86
82,"NEW Huawei Watch GT 4 46mm GREEN 1.43"" AMOLED Bluetooth iOS Android Smartwatch",$334.00
83,Samsung Galaxy Watch3 Smart Watch HRM SM-R840 Bluetooth 45mm (NEW Strap + CHRGR),$64.02
84,SMART WATCH SPORTS BLUETOOTH MODEL: HT17,$55.00
85,Mens Waterprof Watch Bluetooth Call Smart Watch Sport Men Full Touch Screen UK,$37.07
86,MILITARY SMART WATCH KE3 CALL BLUETOOTH STAINLESS STEEL,$62.50
87,Smart Watch Men Women Fitness Tracker Blood Pressure Heart Rate Sport Watches⌚,$2.55 to $7.67
88,2024 Smart Watch For Men/Women Waterproof Smartwatch Bluetooth iPhone Samsung US,$19.99
89,Njord Gear Indestructible Smart Call watch Rugged Tactical Smartwatch Heart Rate,$35.29
90,"Smart Watch for Men (Call Receive/Dial) with LED Flashlight, 1.45"" HD Outdoor",$35.99
91,"PRO Fitness Trackers Smart Watch Heart Rate, IP68 Waterproof Fitness (purple)",$22.41
92,Apple Watch SE 40mm 44mm GPS + WiFi + Cellular Pink Gold Gray Silver - Good,$136.99
93,2023 Original Watch 9 Ultra Smart Watch with Fitness Tracker & Health Monitor,$32.02
94,Apple Watch Series 7 45mm GPS + WiFi + Cellular Unlocked Aluminum Case - Good,$194.99
95,Samsung Galaxy Gear Fit 2 Smart Watch Fitness Tracker HRM SM-R360 Black**,$44.81
96,Blood Pressure Smart Watch Sport Fitness Watch Digital Wrist Watch Smartwatch,$6.24
97,Fitbit Smart Watch Gym Band Fitness Tracker Heart Rate Monitor Sports Watch NEW,$7.93
98,Smart Watch Fitness Tracker Waterproof Compatible with Samsung Galaxy Phones,$79.99
99,Fitbit smart watch men women black sports bluetooth 116 plus,$15.98
100,Smart Watch Fitness Sport Tracker Heart Rate Monitor Bracelet For Smart Phone,$2.99
101,Sport Smart Watch Fitness Tracker Heart Rate Blood Pressure Women Men Watches✔✔✔,$3.82 to $6.38
102,Samsung Galaxy Watch 5 40mm GPS + WiFi + Bluetooth R900 Smart Watch - Excellent,$122.99
103,Google Pixel Watch 41mm GPS + WiFi + Bluetooth Gold Black Silver Watch - Good,$92.99
104,Smart Watch For Android iPhone Heart Rate Blood Pressure Monitor Fitness Tracker,$32.99
105,New ListingSamsung Galaxy Watch6 Classic 43mm Silver Case with Silver Faux Leather Strap...,$112.50
106,"SUPER AMOLED SENBONO SMART WATCH CALL BLUETOOTH BLACK SPORT IOS XIOMI 2.04""",$250.00
107,Smart Watch Laser Health Temperature Monitoring Heart Rate Oxygen Blood Pressure,$28.50
108,"OPPO Watch Free – Smart Watch, AMOLED Curved Screen, 32g, Bluetooth 5.0, vanilla",$47.50 to $48.78
109,Samsung Galaxy Watch 4 40mm GPS + WiFi + Bluetooth R860 Smart Watch - Very Good,$57.62
110,Blackview Military Smart Watch(Answer/Make Call) Rugged Tactical Fitness Tracker,$79.99
111,Bluetooth Smart Watch Men Women Phone For IPhone IOS Android,$31.40
112,Women Ladies Smart Watch Fitness Tracker Sleep Monitor Step Calorie Counter,$1.99
113,Samsung Galaxy Watch 46mm SM-R800 Health Fitness Activity Smart Watch 4GB*,$37.59
114,Apple Watch Series 4 40mm 44mm GPS + WiFi + Bluetooth Gold Gray Silver - Good,$70.42
115,New - Boxed - Samsung Galaxy Watch6 SM-R930 All Colours 40mm Aluminium Case,$122.99
116,GT8 Smartwatch For Men Inteligente Nfc Heart Rate Blood Oxygen Round Smart Watch,$204.89
117,MILITARY SMART WATCH KE3 CALL BLUETOOTH,$27.60
118,Apple Watch Ultra 2 2nd Gen GPS & Cellular 49mm - Titanium - Ocean blue - Read,$59.70
119,Melanda Waterproof Sport Military Smart Watch Men Bluetooth Call For Android IOS,$499.99
120,Google Pixel Watch 41mm Black Case with Obsidian Active Band (LTE) - Good,$96.99
121,2-in-1 Smart Watch W/ Earbuds For IOS Android Waterproof Wireless 5.0 Bluetooth,$40.15
122,"Cmf by Nothing Watch Pro 1.96"" Amoled Display GPS Smartwatch - Dark Grey",$49.99
123,Mate Wrist Waterproof Bluetooth Smart Watch for Android HTC Samsung iPhone iOS,$12.32
124,Apple Watch Series 7 Aluminum 41mm 45mm All Colours All Band Colours Excellent,$306.08 to $318.88
125,Waterproof Bluetooth Smart Watch Phone Mate Heart Rate Tracker For iOS Android,$19.89
126,Ladies Smart Watch Women Touch Screen Bluetooth Call Ip67 Waterproof Sports,$37.13 to $38.41
127,Samsung Galaxy Watch3 Smart Watch HRM SM- R840 Bluetooth 45mm Mystic Black*,$76.83
128,Seiko Slim Quartz Roman Numerals New Battery 26 mm Case Japanese Men Wrist Watch,$19.99
129,NEW HUAWEI WATCH 4 Pro AMOLED 5 ATM Bluetooth iOS Android Smartwatch,$619.00
130,Fossil Gen 5 Smartwatch Carlyle HR Smoke Stainless Steel 44mm New Sealed!,$109.99
131,smart watch with earbuds and 2 Style Wristbands New series 8 Black,$29.99
132,New Smart Watch Men Waterproof Smartwatch Bluetooth for iPhone Android Samsung,$30.98
133,Smart Watch For Men/Women Waterproof Smartwatch Bluetooth iPhone Samsung,$32.99
134,Waterproof Bluetooth Smart Watch Phone Mate For Android IOS IPhone Samsung LG,$8.17
135,2023 Smart Watch For Men/Women Waterproof Smartwatch Bluetooth,$21.82
136,New  Best Looking Bluetooth Call Sports Fitness IP68 Waterproof Smartwatch Gift,$34.49 to $37.49
137,Google Pixel Watch 41mm Silver Case with Charcoal Active Band (LTE) - Grade B+,$89.99
138,Apple Watch Series 7 45mm Midnight Aluminum Case with Black Nylon Loop GPS,$179.99
139,Bluetooth Luxury Smartwatch Men's Watch Fitness Heart Rate Pulse Clock Blood Pressure,$38.14
140,Apple Watch Series 7 41mm GPS + WiFi + Cellular Unlocked Aluminum Case - Good,$184.99
141,Fitbit Versa Smart Watch Fitness Activity Tracker with S & L Sizes Band,$49.88
142,Apple Watch Series 5 40mm 44mm GPS + WiFi + Bluetooth Gold Gray Silver - Good,$136.99
143,HD Bluetooth Call Smart Watch Men Sports GPS Tracker Heart Monitor 400mAh,$38.41
144,Waterproof Smart Watch Bluetooth Fitness Tracker For ECG+PPG Android UK,$26.88
145,Apple Watch Series 9 GPS + Cellular 45mm Stainless Steel - Excellent,$439.99
146,Smart Band Fitness Tracker Smartband Bluetooth-fit Wristband Sports Watch,$6.76 to $7.12
147,Samsung Galaxy Watch S2 Classic Smart Watch Tracker SM-R732 Black 40mm*,$51.21
148,HT17 Smart Watch Fitness Tracker Full Screen Touch Heart Rate Sleep Monitor New,$30.95
149,"SMARTWATCH 2.1"" HD Screen, Health Monitor, Music, Sleep Monitor (Orange)",$17.99
150,New Military Smart Watch Men Android iOS Fitness Sports Watches Waterproof 2023,$32.99
151,Smart Watch For Men/Women Bluetooth Call ECG For iPhone Samsung-DT20,$32.38 to $35.02
152,Samsung Galaxy Watch 6 44mm Cellular/LTE Graphite R945U,$204.98
153,Samsung Galaxy Watch R800 46mm (Bluetooth) GPS Black/Silver ***,$51.21
154,New Android Smart Watch Phone 3G GSM SIM GPS 1GB 12GB Heart WiFi KW68 ,$39.99
155,2 in 1 Smart Watch with TWS Bluetooth Earbuds Fitness Tracker For iPhone Android,$17.92 to $53.77
156,Smart Watch Bluetooth Heart Rate Blood Pressure Sports Fitness Tracker Pedometer,$8.06
157,TELSA UK - Smart Watch Waterproof IP68 military style mens Sports & fitness digi,$32.00 to $34.56
158,Kids Smart Watch SOS GPS Location Tracker 4G SIM Card Video Call WiFi Chat,$41.99
159,Luxury Women Smart Watch Stainless Steel Wristband Ladies Bluetooth Smartwatch,$44.17
160,Apple Watch Series 9 GPS Aluminum Case - Sport Band - Factory Sealed! All models,$379.00 to $429.00
161,Apple Watch Series 8 -  GPS + GSM Cellular 45mm Smart Watch - Excellent,$259.99
162,GT8 Pro Business Smart Watch With Fitness Tracker & Health Monitor,$47.38 to $51.23
163,New ListingWORKING Samsung Galaxy Watch Active 2 STD-810G 40mm GPS,$0.99
164,Garmin Venu 2 Plus GPS Smart Watch Heart Rate Activity Monitor - Grey,$358.52
165,Watch Series 9 45mm Aluminum,$80.00
166,Smart Watch Touch Bluetooth Heart Rate Fitness Sport Wristwatch For Android/ iOS,$10.77
167,Waterproof Bluetooth Smart Watch Phone Mate For Android IOS IPhone Samsung LG,$8.44
168,apple watch series 9 45mm,$238.20
169,NEW Smart Watch Men Women Fitness Tracker Blood Pressure Heart Rate Sport Watch,$10.23
170,Apple Watch Series 9 45MM Midnight Sport w/ Midnight Blue Sport (GPS) -Excellent,$279.99
171,"Smart Watch for Men 2023 Waterproof Health Monitor NFC+GPS Bluetooth Call, UK",$48.52
172,CARBINOX Titan Smartwatch IP69K Waterproof Rugged Smart Watch NEW SEALED BOX,$56.99
173,New Smart Ring Sleep Monitoring Fitness Tracking Waterproof Lightweight,$27.12
174,LIGE New Smart Watch 1.96 Inch Screen 420 MAh Bluetooth Voice Assistant FREEPOST,$38.41
175,Samsung Galaxy Watch 6 SM-R940 Bluetooth Aluminum 44mm Global Version New,$219.95
176,Waterproof smart Sport Military Smart Watch Men Bluetooth Call For Android IOS.,$29.44
177,New Smart Watch Men Waterproof Smartwatch Bluetooth - Iphone/Android ( Orange ),$29.99
178,Rice Silver Cards Short Silver Regular Box Box of 100 Booklets,$49.17
179,DZ09 Smart Watch Co-Pilot Phone Watch CO-PILOT *needs a New Battery*,$6.39
180,Smart watch For Men AMOLED HD Screen Bluetooth Calling Sport Men's Smartwatch,$48.65
181,Samsung Galaxy Watch 3 41mm 45mm GPS + WiFi + Bluetooth Smart Watch - Good,$45.99
182,Google Pixel Watch 41mm GPS + WiFi + Bluetooth Gold Black Silver Watch Very Good,$99.99
183,"SMARTWATCH 2.1"" HD Screen, Health Monitor, Music, Sleep Monitor (Orange)",$17.99
184,"NEW HONOR Watch 4 BLACK 1.75"" AMOLED 5ATM Bluetooth GPS Android iOS Smartwatch",$159.00
185,HUAWEI Band 8 NFC Smart Watch Running Sleep Heart Rate Health Monitoring NEW,$57.39 to $65.34
186,Apple Watch Series 3 - 38/42mm GPS/Cellular - All Colours - Good Condition,$115.25 to $160.07
187,2024 Smart Watch For Men/Women Waterproof Smartwatch Bluetooth iPhone Samsung ,$22.85
188,Smartwatch Bluetooth Business Fitness Sports Pulse Heart Touch Men's Wristwatch,$38.24
189,Apple Watch Series 7 - Good Refurbished - GPS/ 4G - 41/45mm - All Colours,$229.24 to $267.66
190,Xiaomi Mi Band 8 Smart Bracelet AMOLED Heart Rate Fitness Tracker Smart Watch,$43.99
191,Sony SWR50 Smart Watch 3 Health & Fitness Tracker Sport Band - Black,$51.21
192,Bluetooth Talking Smart Watch Waterproof HD Screen For Android IOS System,$22.99 to $27.59
193,Apple Watch Series 9 GPS Aluminum Case - Sport Band - Factory Sealed! All models,$350.00 to $600.00
194,Smart Watch Bluetooth Call Heart Rate Blood Oxygen BP Monitor Waterproof Watch,$32.99
195,Samsung Galaxy Watch 4 40mm WiFi + LTE 4G UNLOCKED R865 Smart Watch - Very Good,$84.99
196,Smart Health Waterproof Finger Rings Monitor Heart Rate Fitness Tracker Y8W6,$25.62 to $30.24
197,Samsung Galaxy Fit3 SM-R390 Brand New - 101 Workouts modes - 1.6 Screen,$79.00
198,✅Fitness Smart Watch Activity Tracker Heart Rate for Women Men Monitor Pedometer,$1.99 to $9.79
199,Samsung Galaxy Watch5 44mm Saphire Blue Case w/ Blue Silicone Good Condition ,$44.00
200,Samsung Galaxy Gear S3 Frontier 46mm SM-R765 WiFi Smartwatch Gray Reconditioned,$84.99
201,Samsung Galaxy Watch3 Smart Watch HRM Tracker SM-R850 41mm Mystic Bronze*,$76.83
202,Gear Smart Watch VIBE 7 PRO Voice Calling Waterproof Fitness for Men and Women,$49.55
203,Samsung Galaxy Smartwatch Watch6 Classic 47mm BT GPS Smart Black or Silver,$320.15
204,"Samsung Galaxy Watch 6 Classic (47mm, WiFi + LTE) 1.5"" Fitness Smartwatch R965U",$259.99
205,Samsung Galaxy Watch Active2 40mm Aluminum Case with Sports Bracelet - Pink Gold,$41.96
206,Smart Watch Fitness Tracker Heart Rate Bluetooth Call Men Women Sport Watches UK,$25.86 to $28.67
207,SMART WATCH T 900 ULTRA  2 UNISEX SMARTWATCH  Amoled Screen ,$25.00
208,Bluetooth Smart Watch Women Calling Sport Fitness Tracker + FREE STRAP,$34.56
209,"FOSSIL Carlyle HR FTW4024 Smartwatch - Smoke, Stainless Steel Strap***",$44.81
210,2024 Smart Watch New Men Women Smartwatch Waterproof Bluetooth iPhone Samsung,$23.04
211,Smart Watch Sport Band Fitness Activity Tracker For Kids Fit Bit iOS Android,$8.67 to $9.95
212,Smart Wireless Charging Charger FOR Samsung Galaxy Watch/Gear S3/Gear Sport,$8.99
213,Samsung Galaxy Watch SM-R800 46mm Stainless Steel Bluetooth Or LTE - Good,$42.99 to $47.99
214,Motorola Moto 360 Sport SmartWatch 2nd Generation 45mm Silicone Band Sport Watch,$67.49
215,New Apple Watch Series 6 40mm GPS PRODUCT(RED) Case & Sport Band M00A3LL/A,$189.99
216,Apple Watch Ultra A2622 49mm LTE Titanium & Ceramic (No Band),$450.00
217,SIM Card Kids Smart Watch GPS SOS Waterproof Smartwatch Kids,$12.16
218,Smart Watch 2023 Bluetooth Call Smartwatch Sport Modes Touchscreen Wristwatch,$40.41 to $43.14
219,Android IOS Smart Watch Fitness Tracker Sleep Heart Monitor Men Women Blood,$16.64
220,Samsung Galaxy Watch 46mm SM-R800 Bluetooth GPS Smartwatch Silver Grade A + CHRG,$64.02
221,For Samsung Galaxy Watch 6 5 Pro 45mm 40mm 44mm Silicone Ridge Sport Band Strap,$8.99
222,Apple Watch Series 6 - Good Refurbished - GPS/ 4G - 40/44mm - All Colours,$190.82 to $203.62
223,GARMIN SPORT LILY SMART STYLISH SMARTWATCH 010-02384-01 Fitness Tracking Watch,$124.99
224,HAYLOU Watch R8 Smartwatch 1.43'' AMOLED Display Smart Watch Phone Call Mulitary,$41.99
225,New ListingSmart Watch,$50.00
226,"TOZO S5 Smart Watch Answer/Make Calls 1.43"" AMOLED Smartwatch Fitness Waterproof",$76.83
227,Kids Smart Watch Camera SOS Call Phone SIM GSM Game Watches Boys Girls Gift UK.,$13.60 to $15.37
228,2024 Military Outdoor Smart Watch 650mAh Battery GPS Bluetooth Compass Steel ,$34.50
229,Apple Watch Series 7 41mm Gps Aluminum Sport Band 32gb - Excellent,$229.00
230,Bluetooth Smart Watch Sports Pedometer Fitness Tracker for Cellphone Android iOS,$31.01
231,Kids Smart Watch Camera SIM GSM SOS Call Phone Game Boys Girl Step Count Tracker,$15.35
232,"DM55 Pulse AMOLED touchscreen IP68 Waterproof - Smart Watch for Men Women, 1.43""",$38.41
233,Apple Watch Series 8 45mm GPS,$190.00
234,NEW*  Apple Watch Ultra 49mm | Titanium | Midnight Ocean Band,$529.99
235,NEW 2024 Smart Watch Women Fitness tracker For iPhone Android Bluetooth Smart ~,$16.51 to $20.48
236,Apple Watch Sport 38mm Aluminum Case Black Sport Band - (MJ2X2LL/A) 4274600-0004,$60.78
237,Bluetooth Luxury Smartwatch Men's Watch Fitness Heart Rate Pulse Clock Blood Pressure,$30.60
238,Blood Pressure Smart Wristwatch Heart Rate Smartwatch Android IOS,$10.30 to $11.89
239,RIZLA SILVER REGULAR SIZE SINGLE SHORT SILVER CARDS - BOX OF 100 BOOKLETS BY,$48.08
240,R02 Smart Health Waterproof Finger Rings Monitor Heart Rate Fitness Tracker,$20.99
241,Google Pixel Watch 41mm GPS + WiFi + Bluetooth Gold Black Silver Watch -Grade B+,$82.99
242,2024 Smart Watch For Men/Women Waterproof-Smartwatch BluetoothSamsung/iPhone,$6.99 to $26.99
243,New HT17 Smart Watch Fitness Tracker Full Screen Touch Heart Rate Sleep Monitor,$29.98
244,Apple Watch Series 7 45mm GPS + Cellular Unlocked Steel Case (2021) - Excellent,$249.97
245,TicWatch Pro 3 Black Wear/OS Smart Watch Fitness Tracker WH11013 HRM GPS - BLACK,$102.44
246,4G Wifi Student Smart Watch Unlocked Phone Call Anti-Lost Tracker SIM Support,$55.51
247,Google Pixel Watch 41mm Silver Case with Charcoal Active Band (LTE) - Good,$94.99
248,Amazfit GTS 2 Smartwatch - Midnight Black,$55.00
249,New ListingApple Watch  ROSE GOLD 38 MM Sport Series 1 + extras,$1.25
250,Apple Watch Gen 1 38mm - Non-functioning - READ DESCRIPTION - Various Colors,$9.99
251,Apple Watch Series 5 - Excellent – Refurbished - GPS/ 4G- 40/44mm - All Colours,$198.50 to $229.24
252,Smart Watch Fitness Step Counter Bracelet Sports Bracelet Smart Watch,$7.24 to $7.99
253,Samsung Watch Gear 2 SmartWatch w. Front Camera - Black and Brown,$49.95
254,Samsung Galaxy Watch4 - SM-R890 - 46mm Classic Smart Watch Black,$172.82
255,Bluetooth Smart Watch Women Men Heart Rate Monitor Fitness Waterproof Smartwatch,$13.59 to $15.80
256,Military Smart Watch for Men(Answer /Make Call)Rugged Heart Rate Fitness Tracker,$48.99
257,"NEW HONOR Watch 4 GOLD 1.75"" AMOLED 5ATM Bluetooth GPS Android iOS Smartwatch",$159.00
258,Fitness Tracker Smart Watch Bracelet Wristband Fitbit Style Activity Monitor,$8.99
259,Smart Watch Bluetooth Call Gold Wristwatch for Men Women Gift Fitness Leisure,$29.33
260,Withings Scanwatch 2 42 mm black,$270.00
261,Kids Smart Watch Camera SIM GSM SOS Call Phone Watches For Boys Girls Gifts,$13.99
262,"GRV Smart Watch Answer Call SMS Notification, Fitness Tracker with Heart Rate",$22.64 to $28.01
263,2 in 1 Sports Smartwatch with Wireless Earbuds Music Smart Watch for Men Women,$29.75 to $32.54
264,"Samsung Galaxy Watch 46mm SM-R800 Bluetooth GPS Smartwatch Silver Grade "" C """,$38.41
265,Military Gear Indestructible Fitness Smartwatch Wireless Waterproof IOS Android,$54.99
266,BRAND NEW Google Pixel Watch 41mm Silver Case with Charcoal Band (LTE) T-MOBILE,$159.99
267,"LIGE Smart Watch for Men Answer/Make Call, 2023 Newest Bluetooth Smartwatch with",$43.53
268,gloryfit Smart Watch Fitness Tracker  Touch Scren Fitness Watch Heart Rate Sleep,$29.95
269,Bluetooth Smartwatch Wrist Smart Phone with SIM SD Card  Sports Fitness Tracker ,$17.90
270,C2 Plus Smart Watch Health Fitness Sport Tracker Waterproof Fr Android iOS,$9.71
271,Smart Watch For  Men Bluetooth Call Blood Pressure Heart Rate Fitness Tracker UK,$51.21 to $55.06
272,Apple Watch Series 4 40mm 44mm GPS+ WIFI + LTE UNLOCKED Gold Gray Silver - Good,$129.99
273,Samsung Galaxy Gear Fit 2 Smart Watch Fitness Tracker HRM SM-R360 Black*,$51.21
274,Men Women Smart Watch Fitness Tracker Ladies Watches for Android iPhone Samsung ,$18.44
275,Fashion Smart Watch Ladies Luxury Women Wristwatch Stainless Steel Bracelet,$42.29 to $43.23
276,Xiaomi Mi Band 7 Smart Watch AMOLED Blood Oxygen Fitness Traker Global Veri,$32.99
277,LEMFO LEM16 1.6'' Smart Watch 4G Full Netcom Dual Chip Android 11 6G+128G P6Z9,$186.19
278,Samsung Galaxy Watch4 - SM-R870 - 44mm Smart Watch Black,$160.02
279,M4 Smart Watch Band Blood Pressure Bracelet Wristband Fitness Tracker Heart Rate,$8.89
280,Kids 4G Smart Watch   GPS Location Tracker Sim Card Video Call WiFi Chat Camera,$59.99
281,"Sk27 Business Smart Watch,1.58'' Full Screen Smart Watch with 3 Wrist Bands",$37.00
282,Honor Watch GS 3 SmartWatch  1.43 - Midnight Black - New,$81.96
283,Apple Watch Series 3 42mm Space Grey Aluminium Case,$12.81
284,Apple Watch Series 9 45mm Midnight Aluminum with Black Loop (GPS),$269.99
285,Bracelet Heart Rate Blood Pressure Tracker Smart Band Bluetooth Wristband Watch,$6.49
286,Bluetooth Smart Watch Fitness Tracker Sport Watch for iOS Android Men Women,$22.55 to $27.25
287,Smart Watch Heart Rate Blood Pressure Oxygen Sleep Sport Monitor Bluetooth Watch,$26.99
288,apple watch series 1 42mm Spares Or Repairs,$4.10
289,Apple Watch Ultra 49mm GPS + Cellular Titanium w/ No Band,$429.00
290,Samsung Galaxy Watch 3 Premium Titanium 45mm Bluetooth Fitness Smart Watch Black,$160.02
291,Smart Watch Blood Oxygen Heart Rate Blood Pressure Fitness Tracker Bluetooth,$23.12
292,Bluetooth Call Smart Watch Fitness Tracker Women IP67 Waterproof Sport Tracker,$31.95
293,Rugged Military Smart Watch Men Ftiness Watches Bluetooth Call 1.85'' Smartwatch,$31.99 to $32.99
294,Smart Watch Military HD Long Battery Life Make Calls Fitness Tracker Heart Rate,$48.65
295,iwatch ultra 2 49mm titanium new,$256.13
296,Seiko Slim Quartz GREEN FACE ROMAN FIGURE SILVER BAND JAPAN MADE Men Wrist Watch,$21.90
297,"LEMFO Smart Watch for Men,Smart Watch Bluetooth Answer Make Call,1.85'' HD",$38.28
298,Withings Move - Activity Tracker - Black - Smart Watch HWA06 Brand New Sealed,$39.95
299,Samsung Galaxy Watch 6 SM-R930 Bluetooth Aluminum 40mm Global Version New,$199.95
300,2024 Smartwatch HD Fitness Watch Men's with Always-On HD Tracker Watch Sports Watch,$131.08
301,Full Circle Touch Screen Steel Band Bluetooth Call Men Smart Watch Waterproof,$44.99
302,"Sk27 Business Smart Watch,1.58'' Full Screen Smart Watch with 3 Wrist Bands",$35.99 to $37.99
303,Samsung Galaxy Watch 3 Stainless Steel 45mm Smart Watch Silver,$128.05
304,2023 Smart Watch For Men Waterproof GPS Smartwatch Bluetooth iPhone Samsung,$18.99
305,"Manike HK85 Elegant Smartwatch - ''Blood Pressure Measurement, Heart Rate, ECG Analysis'",$92.88
306,Apple Watch Series 6 40mm 44mm GPS + WiFi + Bluetooth - All Colors- Good,$166.99
307,"2.1"" Waterproof  Z79 Max Ultra Smart Watch, Ultra, Fitness Smart Watch",$29.99
308,New Listinghuawei smartwatch GT6C1,$32.02
309,Smartwatch ,$22.24
310,Seiko Slim Quartz BLUE FACE ROMAN FIGURE SILVER BAND JAPAN MADE Men Wrist Watch,$25.18
311,Smart Watch ECG+PPG Heart Rate Blood Oxygen Body Temp Monitor Fitness Tracker UK,$15.35 to $56.34
312,Apple Watch Series 9 GPS + Cellular 41mm Stainless Steel - Excellent,$424.99
313,Smart Watch Men Women Fitness Tracker Blood Pressure Heart Rate Sport Watches UK,$11.51
314,Smart Watch + Bracelet Sport Women's Fitness Bluetooth Call Blood Pressure Android iOS,$43.60
315,Multifunctional Smart Watch Swimming Sports Body Temperature,$39.90
316,Bluetooth Smart Watch  Make Calls HD Camera Sim CARD Slot Full HD Touch Screen,$38.41
317,Smart Watch 2023 Bluetooth Call Blood Pressure Heart Rate Sport Fitness Tracker,$32.00 to $34.31
318,Bluetooth Smartwatch Fitness Tracker Pedometer Sports Watch EU,$5.19 to $6.27
319,ID115 HR Plus Bluetooth Smart Watch Fitness Tracker Heart Rate Bracelet,$8.73
320,Seiko Slim Quartz GREEN FACE ROMAN FIGURE BLACK BAND Japan Made Men Wrist Watch,$19.99
321,Apple Watch Ultra 49mm Titanium (GPS Cellular) Midnight Yellow White Ocean Band,$469.99
322,Smart Watch Men Waterproof Bluetooth Round Call for iPhone Android Samsung,$28.00
323,Moto 360 Watch Rose Gold 42 mm (New Open Box). Cosmetically Almost 10 Out Of 10,$99.99
324,LIGE Women's Smart Watch Full Touch Screen Bluetooth Call IP67 Waterproof,$30.39
325,2 In 1 Smart Watch with TWS Bluetooth Earbuds Fitness Tracker For iPhone Android,$33.28 to $35.85
326,Apple Watch Series 3 38mm Silver Aluminium (Gps) (MUST READ DESCRIPTION),$3.25
327,Smart Watch Waterprof Bluetooth Call 2023 Men Full Touch Screen Sport Watch UK,$39.05
328,Military Smart Watch For Men/Women Fitness Tracker Sleep Heart Rate Android IOS,$28.50
329,"Men's Smartwatch with Bluetooth Calls Message Reminder, 1.43'AMOLED",$206.53
330,Samsung Galaxy Watch5 40mm Aluminum Case Graphite / Silver SM-R900,$108.18 to $109.26
331,New ListingC20 1.71in Smart Watch 24 Sports Modes Bluetooth-Compatible 5.0 (Camo Green) *,$26.62
332,Kids Smart Watch Dual Camera Video Call 4G Unlocked Phone Watches Boys Girl Gift,$59.21
333,4G SIM Card Smart Watch 2.03-inch Wifi NFC GPS Dual Camera Rugged 64G ROM Storag,$128.74
334,Pro 2024 GPS NFC BT Waterproof IP68 Heart Rate Android IOS Smartwatch,$61.08
335,Waterproof Fitness Smart Watches Women Lady Heart Rate Tracker For iOS Android,$33.92
336,Apple Watch Series 8 GPS+Cellular 41/45mm Unlocked Brand New,$249.99
337,smart watch full touch bluetooth call men and women,$28.00 to $38.00
338,"Smartwatch Women's Smart Watch for iPhone Android Phone, IP68 Waterproof OECSEED",$173.75
339,Bluetooth Smart Watch Blood Pressure Heart Rate Monitor Sport Tracker Phone Mate,$5.99 to $9.99
340,2024 Smart Watch For Men/Women Waterproof Smartwatch Bluetooth (Black),$17.98
341,Gizmo Watch 2 ZW20 - (Verizon) Smartwatch for Kids,$49.99
342,New ListingSamsung Galaxy Watch6 Classic SM-R950 43mm - Black Watch Face & Black Band- New,$256.13
343,2-in-1  Smart watch with Bluetooth earbuds Music Player Sport Watch Wristband,$38.41
344,Smart Watch Fitness Tracker Blood Pressure Heart Rate Women Men Sport Watches|UK,$3.12 to $6.33
345,Samsung Galaxy Watch 6 - LTE Bluetooth GPS - Open Box,$189.99 to $194.99
346,New Smart Watch Men Waterproof Smartwatch Bluetooth for iPhone Android Samsung,$43.91
347,Bluetooth Luxury Smartwatch Men's Watch Fitness Heart Rate Pulse Clock Blood Pressure,$54.63
348,Men Smart Watch Bluetooth Wristwatch Sleeping Monitor Activity Fitness Tracker,$29.13
349,Garmin Venu 2S GPS Smart Watch - Gold / Cream - Refurbished Good,$204.89
350,Smart Watch Fitness Tracker Heart Rate Blood Pressure Men Women Sport Watch IOS,$38.41
351,Huawei GT Smart Watch - Black - Brand New Sealed,$46.09
352,Harry Lime Smart Watch White,$20.48
353,Google Pixel Watch 41mm Black Case with Obsidian Active Band (LTE) -Excellent,$118.99
354,Google Pixel Watch 41mm Silver Case with Charcoal Active Band (LTE) - Excellent,$124.99
355,Smart Watch Smartwatch Men's Wristwatch Men's Waterproof Sports Fitness,$63.37
356,FOSSIL GARRETT HR FTW4040 Silver HR Gen 5 46mm Stainless Steel Smart Watch NEW,$160.00
357,Apple Watch SE 2nd Gen GPS 40mm SmartWatch Starlight Original Box,$107.50
358,Fitnus Smart Watch Fitness Trainer V2 - With Extra Bands - Free Shipping!,$21.99
359,Kids Smart Watch Camera Anti-lost SOS Call Phone Game Watches Boys Girls Gifts,$14.99
360,LIGE 2024 New Men Smart Watch Real-Time Activity Tracker Heart Rate Monitor Spor,$43.68 to $43.72
361,"Men's Smartwatch with Phone Function Compass 1.52"""" Large Screen 420mAh",$130.22
362,C1 plus Smart watch for Men Women Android Bluetooth Waterproof Sport,$18.30
363,SFL Smartwatch for kids with 4G NETWORK GPS Video call SOS button Tracker 2020,$102.44
364,Apple Watch Series 1 38mm Silver Aluminum Case Black Sport Band,$45.00
365,GPS Smart Watch Men Outdoor Bracelet Blood Pressure IP68 Waterproof Smartwatch,$97.00
366,Kids Smart Watch Camera SIM GSM SOS Call Phone Game Watches Boys Girls Gift UK,$15.35
367,Letsfit IW1 Lite Black Smartwatch - Advanced Fitness and Health Tracking,$10.99
368,Samsung Galaxy Fit3 SM-R390 BLACK Brand New - 101 Workouts modes - 1.6 Screen,$70.95
369,"Amazfit GTS 2 Smart Watch, Android iPhone, Bluetooth Phone Call, Dessert Gold",$89.99
370,Samsung Galaxy Watch 6 5 4 40/44 Hard Case Tempered Glass Screen Protector Cover,$6.89 to $7.49
371,Apple Watch SE 44mm Space Gray Aluminum GPS LTE,$36.00
372,Samsung Wristband Smart Smart Smart Smart Smart Smart Smart Smart Smart Smart Watch,$15.19
373,Koretrak Smart Watch Fitness Sport Tracker Heart Monitor Waterproof-NEW & SEALED,$15.95
374,AMZSA Smart Watch Make & recieve Calls Sport Smart Watch Support Calls dial Text,$44.81
375,"Men's Women's Smart Watch, Smart Watch For Android And IOS Phones, IP68",$25.80
376,"OPPO Watch Free – Smart Watch, AMOLED Curved Screen, 32g, Bluetooth 5.0, vanilla",$67.21
377,Apple Watch S 6 40mm Aluminum Case Red Sport Band Smart Watch - (M00A3LLA)-New,$199.99
378,Samsung Galaxy Watch6 Classic Stainless Steel Smartwatch 47mm BT Black,$295.95
379,Bluetooth Fitness Tracker ID115 PLUS Smartwatch Pedometer Watch M5K,$5.16 to $6.34
380,Samsung Galaxy Watch4 Classic 46mm - SM-R890- Stainless Steel (black and silver),$204.89
381,2 in 1 Smart Watch with Earbuds Smartwatch True Wireless Stereo Sound Headsets,$55.45 to $56.39
382,Smart Watch Fitness Tracker Heart Rate Bluetooth Call Men Women Sport Watches UK,$27.61 to $30.39
383,Smart Watch For Kids Band Sport Activity Fitness Tracker Fit bit Android iOS ,$10.18
384,Bluetooth Call Smart Watch for Android iOS Heart Rate Monitor Fitness Tracker,$34.99
385,Smart Watch Bluetooth Heart Rate Blood Oxygen Fitness Tracker Waterproof Watch,$21.99
386,Bluetooth Call Smart Watch Men Women Heart Rate Waterproof Sport Fitness Tracker,$31.44
387,HUAWEI ODN-B19  Smart Watch GT3 Pro 46mm Active SeriesAndroid Bluetooth NEW,$272.98
388,New ListingSmart Watch Men Women Heart Rate Monitoring Sport Watches Man IP68 Waterproof,$25.11 to $28.48
389,Waterproof Smart Watch Outdoor Sports Heart Rate Fitness Tracker Bluetooth Call,$23.04 to $35.85
390,Samsung Gear S3 Frontier 46mm R760 (Black) - Good,$54.99
391,Smart Watch Fitness Tracker Waterproof Heart Rate Sleep Monitor Step Calorie SMS,$23.04
392,Fossil Gen 5 Smartwatch Carlyle HR Dark Brown Leather 44mm New Sealed Free Ship,$109.99
393,One61 Wonder Woman DC Smart Watch Smartwatch New Open Box Never Used Adjustable,$31.49
394,Samsung Galaxy Watch3 SM-R855 41mm GPS 4G LTE Mystic Bronze Stainless -Very Good,$46.99
395,Apple Watch Series 4 40mm 44mm GPS + WiFi + Cellular Pink Gold Space Gray Silver,$99.99 to $104.99
396,Apple Watch Series 7/45mm - Swimproof GPS 32GB - Excellent,$234.00
397,Motorola Moto 360 45mm Black Sport Smart Watch,$99.00
398,Smart Watch Fitness Tracker Blood Pressure Heart Rate Men Women Sport Watches,$39.69
399,Round Smart Watch Compatible for Samsung Galaxy A54 5G A14 5G A23 5G A13 A53 5G,$79.99 to $99.99
400,Apple Watch Series 8 45mm Gps + Cellular Aluminum 32GB - Very Good,$289.00
401,Apple Watch 1st Generation 42mm A1554 Blue Sport NEW SEALED RARE,$166.36
402,New Fossil Gen 6 Smartwatch Gunmetal Stainless Steel - iPhone Android,$179.28
403,Samsung Galaxy Watch6 Classic 47mm BT Smart Watch - Black (SM-R960NZKAXAA),$299.95
404,Smart Watch M2 Band Blood Pressure Bracelet Wristband Fitness Tracker Heart Rate,$6.98
405,TOZO S3 Smart Watch Bluetooth 5.3 Answer/Make Call Full Touch Fitness Smartwatch,$39.99
406,Waterproof Bluetooth Smart Watch Phone Mate For Android IOS IPhone Samsung LG,$8.44
407,Smart Watch Fitness Tracker Compatible With Samsung Galaxy S23 S23+ S23 Ultra,$37.99
408,Smart Watch Fitness Tracker Heart Rate Men Women Sport Watches For iOS Android,$9.57
409,Samsung Galaxy Watch 4 Classic 46mm Stainless Steel SM-R890 Black,$79.99
410,Amazfit Neo smart watch retro design fitness bracelet,$67.12
411,New ListingApple Watch Series 4 44 mm Silver Aluminum Case w White Sport Band (GPS) - Used,$59.99
412,Samsung Watch Gear 2 SmartWatch w. Front Camera - Black and Brown,$125.00
413,Apple Watch Series 7 [GPS 41mm] Smart Watch Midnight Aluminum Case - FOR PARTS,$71.95
414,Fitness Tracker Bluetooth Smartwatch Body Temperature Smartwatch Boys,$37.73
415,Sekonda Mens Active 45mm Smart Watch. Blue. Item 1912.00. ,$4.74 to $5.47
416,"Fitness Tracker Smart Bracelet watch Heart Rate, Blood Pressure/Oxygen Pedometer",$57.63
417,Smartwatch i9 Pro Max Bluetooth Call Fit Tracker Waterproof Music Unopened Box,$9.99
418,Samsung Galaxy Watch6 Classic SM-R960 47mm Stainless Steel Case with Hybrid Band,$21.99
419,iTouch Air 3 Smartwatch Fitness Tracker - Gold Case with Black Strap 44mm NEW,$220.00
420,Women's Smart Watch + Headphones/Bracelet Waterproof Heart Rate Call IOS/Android,$46.88
421,Military Smart Watch ,$48.00
422,2024 ECG PPG Phone Call Smart Watch GPS Tracker Compass Fitness,$54.84
423,Google Pixel Watch 41mm Black Case with Obsidian Active Band (LTE) -  Grade B+,$94.99
424,Apple Watch SE (2nd Gen) GPS 40mm Black Aluminum Case/Black Sport Band,$71.00
425,Bluetooth Calls Smart Watch Heart Rate Blood Pressure Sleep Tracker Android IOS,$45.99
426,Blood Pressure Smart Wristwatch Waterproof Smartwatch Android IOS,$10.48 to $12.09
427,SUUNTO 9 PEAK PRO ALL BLACK WATCH,$299.00
428,Apple Watch Series 8 45mm (Cellular) Aluminum Midnight M/L SportBand - VeryGood,$270.99
429,Apple Watch Series 7 45mm GPS + WiFi + Cellular Unlocked Aluminum Case Very Good,$204.99
430,"Smart Watch for Men, Bluetooth Answer/Make Call/Voice 1.6'' HD Full Touch Screen",$49.99
431,Apple Watch Series 7 Stainless 41mm 45mm All Colours All Band Colours Excellent,$325.29
432,Apple Watch Series 4 44 mm Space Gray Aluminum Case (GPS) - With Original Box,$90.00
433,☆☆☆☆☆OMRON☆☆Smartwatch - Black COLOR (New & Sealed) ☆☆☆☆RRP £499.99☆☆☆☆☆,$384.18
434,"Premium NFC Smartwatch for Men: BT Call, GPS Tracking, Compass, For Android",$96.04 to $108.84
435,TOZO S4 AcuFit One Smartwatch 1.78-Inch Touch Screen IP68 Waterproof Sports Watch,$57.90
436,"HUAWEI Band 3E Smart Band, Fitness Activities Tracker 5ATM, - Graphite Black",$14.09
437,Rugged And Durable Military Smart Watch Ip68 Waterproof 2.01 '' HD Display,$59.33
438,2 in 1 Smart Fitness Tracker Watch Built-in TWS Bluetooth Mini Earbuds Earphones,$37.00
439,Samsung Galaxy Watch5 Pro SM-R920 45mm Titanium Case GPS + WiFi - Very Good,$139.99
440,Gold King Size Slim Long Tuxedo Cards 50 Booklet Box 33 Sheets,$45.90
441,Fitness Smart Watch- Activity Tracker Heart Rate For Women Men Monitor Pedometer,$1.99 to $7.99
442,Smart Watch Touch Screen Heart Rate Blood Oxygen Monitor Bluetooth Call Watch,$25.99 to $45.99
443,Reloj Inteligente Para Hombre Mujer Smart Watch Sumergible Militar Deportivo,$35.99
444,Samsung Galaxy Gear S3 Classic R770 46mm (Silver) Bluetooth Smartwatch - Good,$50.99
445,Google Pixel Watch 41mm Silver Case with Charcoal Active Band (LTE) - Very Good,$104.99
446,Smart Watch Bluetooth Call Heart Rate BP SPO2 Sleep Monitor Calorie Sports Watch,$21.99
447,Samsung Galaxy Watch 4 40mm Aluminum Smartwatch SM-R860 Silver - Very Good,$79.99
448,Smart Watch Unisex Designs Andriod and IOS Supported Water Resistant Fitness,$38.41 to $48.65
449,Men Smart Watch Military  (Answer /Make Call)Rugged Heart Rate Fitness Tracker,$37.14
450,Samsung Galaxy Watch5 R900N ,$139.98
451,Sekonda Mens Active 45mm Smart Watch. Brand New,$102.44
452,Citizen CZ Smart MX0000-07X Smartwatch Touchscreen Heartrate GPS iPhone Android ,$175.00
453,Apple Watch SE GPS 40mm Midnight Aluminum Case Cargo Khaki Nike Sport Band M/L,$115.00
454,2 TO 1 SMART WATCH MODEL: X8S TWS HEADSET EARBUDS ANDROID IOS PHONE,$175.00
455,Apple Watch Series 6 (GPS) 40mm (PRODUCT)RED Aluminum Case with (PRODUCT)RED Spo,$17.50
456,"Glory Fit Smart Watch Touch Screen Fitness Tracker, Heart Rate, Step",$35.00
457,Seiko Slim Quartz WHITE FACE ROMAN FIGURE SILVER BAND JAPAN MADE Men Wrist Watch,$179.99
458,Smart Watch Ladies Men's Bluetooth for Android Ios Fitness Pedometer App 46mm,$27.97
459,Smart Watch Android Men Fitness Tracker Heart Monitor Waterproof  Bluettoth Call,$21.99
460,Touch screen smart watch dz09 with bluetooth camera wristwatch relogio sim card,$51.83
461,Smart Watch Health Fitness Smartwatch Pedometer Women Men Watch for Android iOS,$51.21
462,Seiko Slim Quartz Green Face Silver Case Silver Bracelet Japanese Men WristWatch,$15.99
463,1.6'' HD Touch Screen Smart Watch Men Bluetooth Answer/Make Call/Voice Sports,$31.01
464,Samsung Galaxy Watch 6 LTE 40mm SM-R935 Smartwatch - Graphite 2 Years warranty,$19.91
465,NEW✅ Michael Kors Gen 6 Bradshaw Rose Gold Stainless Steel Smartwatch MKT5133V,$49.99
466,Samsung Galaxy Watch 4 40mm GPS + WiFi + Bluetooth R860 Smart Watch - Good,$256.12
467,Touchscreen Wrist Smart Phone Watch  call text message 4 ios android cell phone,$219.99
468,Samsung Galaxy Watch 46mm GEAR 3 FRONTIER - Non-functioning - READ DESCRIPTION,$74.99
469,Seiko Slim Quartz GREEN FACE ROMAN FIGURE GOLD BAND JAPAN MADE Men Wrist Watch,$17.90
470,New ListingSmart Watch Heart Rate Monitor Android iOS Waterproof Fitness Tracker 2 Bands,$12.99
471,Apple Watch Series 7 Aluminum 41mm 45mm All Colours All Band Colours Very Good,$24.99
472,Seiko Slim Quartz Roman Numerals New Battery 33 mm Case Japanese Men Wrist Watch,$23.10
473,Samsung Galaxy Fit3 SM-R390 Fitness Tracker - 101 Workouts modes - AMOLED Screen,$280.46 to $293.27
474,Oraimo Smart Watch GPS Bluetooth call IP68 Waterproof SOS Emergency Smart Watch,$19.99
475,One61 Batman DC Collectible Smart Watch Adjustable New Open Box Never Used,$74.99
476,Z83 Max Smart Watch with 3 straps BT 5.3 1.52 inch Amoled Round Screen NFC IP68,$19.99
477,Seiko Slim Quartz Roman Numerals New Battery 26 mm Case Japanese Men Wrist Watch,$29.99
478,G9 Ultra Pro Unisex Smart Watch Gold Edition All Fitness Modes New,$32.88
479,New Smart Watch Men Make Calls Bluetooth Phone Call Watch For IPhone Samsung,$19.98
480,"Smart Watch 2.19"" HD Touchscreen For Men Women, Support Voice Assistant, Answer/",$29.99
481,2024 Smartwatch HD Fitness Watch White with Always-On HD Display Tracker Sports Watch,$81.90
482,Bluetooth Smart Watch w/Camera Waterproof Phone Mate for Android Samsung Phone,$18.88
483,"Bluethoot, Sports, Fitness, Treacker Men's Smartwatch",$43.70
484,Fossil Gen 5 Smartwatch 46mm Garrett HR Black Stainless Steel FTW4038,$51.21
485,Multifunctional Touch Screen Waterproof Bluetooth Smart Watch Heart Rate,$38.10
486,APPLE WATCH SERIES 7 45MM SMARTWATCH | MKN93LL/A  | (PRODUCT) RED *iCloud*  READ,$66.00
487,F1 SmartWatch - The SmartWatch & Health/Fitness in One w/ easy to use phone app,$24.99
488,KING SIZE Silver Long Rice Cards 50 Booklet Boxes,$43.71
489,Smart Watch,$19.21
490,K56PRO Military Smart Watch(Answer/Make Call) Rugged Tactical Fitness Tracker,$31.84
491,Kids Smart Watch SIM GSM Call Phone Camera Anti-lost Game Watches Boys or Girls,$14.99
492,Samsung Galaxy Watch Active 2 44mm SM-R820 Rose Silicone M/L Grade A UK Warranty,$83.24
493,Smart Watch Fitness Tracker Heart Rate Blood Pressure Women Men Sport Watches,$25.73 to $28.80
494,4G Kids Smart Watch Children Phone Smartwatch WIFI SOS Tracker Two-way Call New,$63.97
495,Apple Watch Series 3 38mm Space Gray Aluminum Case with Black Sport Band,$99.99
496,Samsung Galaxy Watch SM-R810 42mm Midnight Black Case Classic Buckle Black,$59.99
497,"Women's Smartwatch with Phone Function, 1.39"""" HD Touch Screen, Fitness Watch",$156.02
498,"New ListingW26 PRO MAX Gaming Watch, 44mm, Space Aluminum case, Multi Color, Hi Watch",$10.00
499,Apple Watch SE (1st Generation) 44mm Space Gray Aluminum Case with Midnight New,$169.99
500,Smart Watch Bluetooth Wristwatch Pressure 1.3 Inch Round Dial Watch Call,$21.38 to $23.45
501,Fossil Gen 5 Smartwatch Julianna HR Smoke Stainless Steel 44mm New Sealed,$109.99
502,Round Smart Watch Compatible for Samsung Galaxy S24 S24+ S24 Ultra A15 5G A25 5G,$79.99 to $89.99
503,Smart Watch Fitness Tracker Heart Rate Blood Pressure Men Women Sport Watch ,$25.60
504,NEW - Apple Watch SE 2 (GPS) 40MM / 44MM - ALL COLORS - NEW IN SEALED BOX,$215.00 to $265.00
505,Fossil FTW4071V Gen 6 Wellness Edition 44mm Rose Gold Stainless Steel Case,$94.99
506,M6 Smart Watch Bracelet Heart Rate Blood Pressure Monitor Fitness Tracker Kids,$7.96 to $8.24
507,"YAMAY SW022 Round Smart Watch for Android Samsung, iPhone, Fitness Tracker, Pink",$20.99
508,"Smart Watch for Women And Men  Answer/Make Call, 1.28"" Touch Screen",$24.99
509,"MediTrackGPS® MT52 Fall Detection Elderly Senior SOS Smart Watch, Two-way Calls",$198.21
510,Seiko Slim Quartz BLACK FACE ROMAN FIGURE GOLD BAND JAPAN MADE Men Wrist Watch,$19.91
511,"Kids Smart Watch, Kids Watch With 24 Games 2 Cameras, Pedomet Music Player Video",$22.40
512,Samsung Galaxy Fit 2 R220 Black Colour Fitness Tracker Smartwatch HRM Steps*,$51.21
513,"Honor Watch GS 3, SmartWatch  1.43 Inch AMOLED Touch Screen - MidnighBlack - New",$140.74
514,New ListingSamsung Galaxy Gear Fit Black Plastic Case Charcoal Black Modern Buckle...,$0.99
515,New ListingXiaomi Mi Smart Band 6 - Black,$9.99
516,Samsung Galaxy Watch5 44mm SM-R910 (White) BRAND NEW FACTORY SEALED!,$11.99
517,Apple Watch Series SE 2nd Gen GPS+Cellular 40mm/44mm Unlocked Brand New,$179.95
518,"Kids Smart Watch,Multifunction Rechargeable Touch Screen Toddler Watch",$229.99 to $239.99
519,"JS Smart Watch Answer/Make Calls, 1.9"" Smart Watches for Women and Men, Fitness",$23.89
520,Men Women Smart Watch Smartwatch With Wireless Bluetooth Earbuds 2 in 1 Bracelet,$39.69
521,Xiaomi Smart Band 8 Pro 1.74'' AMOLED  14 Days 5 ATM 60Hz Fitness Tracker Black,$50.36 to $50.75
522,Bluetooth Smart Watch Fitness Tracker Music Smart Watch for Android iOS Phones,$62.74
523,Apple Watch Series 7 - Excellent – Refurbished - GPS/ 4G - 41/45mm - All Colours,$40.41
524,Kids Smart Watch Camera SIM GSM SOS Call Phone Game Watches Boys Girls Gift UK,$280.46 to $298.38
525,Smart Watch Android Men Fitness Tracker Heart Monitor Waterproof Bluettoth Call,$19.20
526,Seiko Slim Quartz BLACK FACE ROMAN FIGURE GOLDEN BAND JAPAN MADE Men Wrist Watch,$51.19
527,Apple Series 2 Watch 38MM GPS WR 50M Smart Watch Parts Repair,$19.99
528,"Razer Dual Screen Smart Watch ""Nabu Watch""BRAND NEW",$39.90
529,Xiaomi Mi Smart Band 5 Watch - Black,$15.25
530,Fitness Tracker Bluetooth Smartwatch Heart Rate Knife Sports Watch Girls,$25.55
531,Apple Watch Series 8 - 41mm - Gps - Aluminum - 32GB - Sport Band - Very Good,$5.07 to $5.86
532,GPS Only Samsung Galaxy Watch5 Pro 45mm Aluminum Smartwatch SM-R925U,$279.00
533,Smart Watch for Men Waterproof Smartwatch Bluetooth for iPhone Android Samsung,$124.99
534,Fossil Gen 6 Smartwatch 42mm Stainless Steel - Rose Gold - FTW6077V,$27.99
535,IOWODO Smart Watch with Blood Pressure Monitor 5ATM Waterproof 2 Colours Of Stra,$65.00
536,Samsung Galaxy Watch4 SM-R865 40mm Aluminum Case with Sport Band - Pink Gold...,$16.00
537,Smart Watch Bluetooth Women’s Sports & Fitness 2023 White  UNBRANDED,$39.99
538,Watch Series 7 Aluminum 45mm WiFi - Midnight - Black Band - Excellent,$99.99
539,Apple Watch Series 7 45mm Blue Aluminium Boxed with x2 Apple Straps + Metal Band,$29.75
